precio,titulo
11.0,hepacolin caja x 5 ampollas sueltas
8.4,altazinc solución oral gotas 5mg fsco/30ml
3.0,calcio + vitamina d 600 mg tabs. recub. c/30 sueltas
10.0,neural 3 25000 ampolla 3ml c/1
48.0,potenciator amp bebibles 10 ml caja x20 sueltas
13.5,terso vit q10/e tabs. c/30 sueltas
3.2,adecil oral 120 ml
2.99,adecil oral 10 ml
2.99,complexan jarabe f/120 ml.
6.0,hierrovit forte
16.0,pack vita c mas zinc (mk) masticables 500mg sabor a mandarina
16.0,pack vita c mas zinc (mk) masticables 500mg sabor a fresa
21.3,pharmaton capsulas 30 unidades
16.0,pack vita c mas zinc (mk) masticables 500mg sabor a tuti fruti
16.0,pack vita c mas zinc (mk) masticables 500mg sabor a cereza
16.0,pack vita c +zinc (mk) mast 500mg nja suelta
13.8,vita c + zinc (mk) pack x 3 efervescente
4.83,vita c + zinc (mk) eferv 1 gr+zinc naranja t/10
4.83,vita c + zinc (mk) eferv 1 gr+zinc mandarina t/10
17.7,berocca performance
20.0,berocca performance tabletas eferv. c/30
7.5,berocca performance comprimidos efervescentes 
16.5,supradyn caps. f/30 sueltas
4.25,goldenvit 100 gr
5.2,hierrovit ultra 220 ml
26.4,vitafem comprimidos recubiertos
3.18,complejo b lamosan jbe. f/120 ml.
13.5,ferro-b - complex folic antianémico
4.99,ferro-b complex elixir f/240 cc.
9.8,propovit 500mg/200ui
4.8,citrovit-ls 500mg
4.2,decavit-m
4.55,enervit gotas f/10  ml.
23.4,kobil ems capsulas
18.0,kobil e capsulas
12.6,supravital capsulas
9.6,supravital platinum capsulas 
12.0,miobi caps. blandas c/30 sueltas
5.46,enervit jalea f/120 ml.
15.9,ultrac e caps. blandas c/30 sueltas
17.52,mixavit tabs. m c/24 sueltas
13.9,mixavit infantil jarabe f/180 ml.
6.6,recom-b caja x 30 sueltas
11.2,altazinc tab 10mg  c/40 suelta
7.88,adventure time gomitas frasco 180gr
17.04,jelly vit gomitas funda c/6 suelta
7.01,jelly vit gomitas frasco 180gr
20.4,magcyl sobres 2gr caja x30 
21.6,calcibon d tabs 800 c/60 suelta
13.8,calcibon d soya forte  tabletas c/30 
12.9,calcibon d tabs 800 c/30 suelta
19.8,gerimax instant energy tabletas
16.5,etec 1000 capsulas blandas 1000
9.5,calcid comprimidos recubiertos 500mg
13.5,fortic-hem 30 tabletas. 
6.0,fortic-hem jarabe f/120 ml.
8.7,feroglobin b-12 
16.59,feroglobin b-12 jarabe 200 ml.
10.2,osteocare
5.7,neurobion tabletas recubiertas c/30 suelta
12.99,panvit jarabe 120 ml
10.8,densibone d g-tabs.
12.6,densibone d soya.
9.9,densibone d tabletas 
2.68,vitamina c  (mk) gotas fresa f/30 ml.
12.0,calci-vit forte suspension frasco 240ml
17.7,energit 30 cápsulas 
19.5,energit forte capsulas
4.99,nutribio kids jalea t/100g
6.5,vita b usd
13.0,vita e (interpharm) caps. 400 u.i. f/50 sueltas
19.08,cebion tab.mast. mandarina 500mg c/12 sueltas
19.2,cebion tabletas masticables naranja 500mg
7.48,mulgatol jalea banano t/100 g
7.48,mulgatol jalea 8 vitaminas t/100 gr.
9.6,z full 
8.7,vita e (interpharm) caps. 400 u.i. f/30 sueltas
5.5,emulsion scott cereza 200ml
3.65,cebio forte vitamina c 1 gr + zinc sabor a naranja caja 10 unidades
26.95,calcibon natal forte natal forte frasco x 30 tabs
6.5,fortic-hem 30 ml.
8.7,benexol forte comprimidos 
35.1,visovit comprimidos recubiertos
12.6,vitamina e-plus 500 u.i.
18.0,"gelcavit q-10 - vitaminas, minerales y coenzima q-10"
8.1,gelcavit students.
15.61,dr vit adult gomitas multivitamin 120 gr f/60
15.61,dr vit kids gomitas multivitamin 150 gr f/60
12.0,tocovit - e  1000u.i caps liquidas
2.2,complejo b (q.a.) otc grageas. c/20 suelta
2.55,complejo b (q.a.) otc jbe. f/120 ml.
6.5,apetitol plus 120 ml.
16.5,diabion
19.8,biometrix - multivitamínico cápsulas
15.12,la sante - vitamina c naranja 500 mg - 12 sobres de 12 tabletas masticables cada uno. 
8.7,egogyn capsulas blandas 400ui c/30
15.0,egogyn 1000 u.i vitamina e capsulas caja de 30 unidades
14.4,perfectil capsulas caja 30 unidades
17.98,feroglobin liquid plus jarabe 200 ml
13.1,raquiferol amp. bebibles 2000ui f/10ml c/5 sueltas
16.8,orange c - vitamina c 500 mg
15.0,"coenzima - q10, actua en enfermedades degenerativas - 50mg"
4.2,complamin 120 ml.
8.54,ce calcio kids suspension oral f/180 ml
18.49,kid cal susp. tutti frutti  f/180 ml
18.49,kid cal susp. fresa  f/180ml
18.3,immuvit plus q10 capsulas
7.5,mk - biocalcium d 500 mg
5.4,coenzima q plus capsulas caja 20 unidades
8.16,tearsoft gotas 15 ml
19.2,cebion tabletas masticables tropical 500mg
19.1,cebion minis multisabores 100 mg
7.2,hapeco plus capsulas caja 24 unidades
16.8,vitacap - g
6.5,dalivit jalea t/100 gr.
8.4,fortzink caps. 20mg c/20
19.8,biometrix a-ox antioxidante capsulas
18.24,cebion tabletas masticables fresa 500 mg
10.53,cebion cebion pack x 30
3.17,cebion fresa 30 ml
3.51,cebion tabs. eferv. 1gr. naranja t/10
4.99,cebion calcio + vitamina c 
10.62,"kiadon gotas 40 mg, frasco 28 ml"
8.4,fortzink fortzink jarabe 20mg f/120ml
17.7,recorderis memory+energy tabs rec c/30
15.9,recorderis
4.58,complevita 120 ml.
4.4,complevita gotas 30 ml
16.5,perlavit-e capsulas 1000 ui
4.5,perlavit-e  capsulas 200 ui
17.4,vitango comprimidos rec. 200mg c/30
10.19,z full vainilla 300 gr
10.19,z full fresa 300 gr
18.43,dr vit kids gomitas fibra 120 gr f/30
18.43,dr vit adult gomitas fibra 120 gr f/30
2.9,complejo b (life) jarabe f/120 ml.
56.4,total magnesiano stress 7 mg 
55.8,total magnesiano comprimidos recubiertos 528 mg
10.73,dayamin vitamínico - jarabe 120 ml.
12.54,pharmaton kiddi kiddy jbe f/200 ml ddi 
19.9,mixavit infantil jarabe f/ 300 ml
5.99,redoxon total tabletas efervescentes t/10
12.19,supradyn niños gomitas masticables
14.88,medigener - vitamina c naranja 500 mg  pack 5
15.12,"medigener - vitamina c, medigener sabor a chicle - 500 mg, 12 sobres de 12 tabletas cada una pack 5"
18.58,dr vit kids gomitas probioticos 150 gr f/60
18.58,dr vit adult gomitas probioticos 150 gr f/60
3.6,orange c tabletas efervescente 1g + zinc
9.8,orange c 1g + zinc 14mg tabletas efervescentes x3
4.95,orange c 1 g + zinc 14 mg c/10 sobres
8.95,dha kids suplemento alimenticio 15 ml
16.45,redoxon total tabletas efervescentes t/30
5.28,redoxitos total gomitas masticables x 25
5.45,redoxon otc doble accion efer.naranja t/10
3.85,redoxon otc gotas f/20 cc.
6.5,redoxon eferv. 2 gr. t/10
16.8,gerimax 30 tabletas 
4.99,apetitol jalea sabor a naranjilla tubo 100 gr
4.99,apetitol jalea mango 100 gr
4.99,apetitol jalea 100 gr.
7.5,apetitol 240 ml sabor a naranja
4.99,apetitol 120 ml con sabor a naranja
12.6,dayamineral tabletas 500 mg frasco 30 unidades
18.9,gerimax ginseng tabletas
12.0,dayamineral jarabe frasco 240 ml
4.3,fortichem jalea 90g
15.12,la sante - vitamina c mandarina 500 mg 12 sobres de  12 tabletas masticables cada una 
15.12,vitamina c (la sante) tabs. mast. chicle c/12 sob. sueltas
15.0,la sante - vitamina c-tabletas masticables tutti frutti 500 mg 
