precio,titulo
48.0,potenciator amp bebibles 10 ml caja x20 sueltas
13.5,terso vit q10/e tabs. c/30 sueltas
16.0,pack vita c mas zinc (mk) masticables 500mg sabor a mandarina
16.0,pack vita c mas zinc (mk) masticables 500mg sabor a fresa
21.3,pharmaton capsulas 30 unidades
16.0,pack vita c mas zinc (mk) masticables 500mg sabor a tuti fruti
16.0,pack vita c mas zinc (mk) masticables 500mg sabor a cereza
15.0,"coenzima - q10, actua en enfermedades degenerativas - 50mg"
19.8,gerimax instant energy tabletas
16.0,pack vita c +zinc (mk) mast 500mg nja suelta
13.8,vita c + zinc (mk) pack x 3 efervescente
19.2,cebion tabletas masticables tropical 500mg
19.1,cebion minis multisabores 100 mg
18.24,cebion tabletas masticables fresa 500 mg
17.7,berocca performance
15.12,la sante - vitamina c naranja 500 mg - 12 sobres de 12 tabletas masticables cada uno. 
12.99,panvit jarabe 120 ml
17.04,jelly vit gomitas funda c/6 suelta
20.0,berocca performance tabletas eferv. c/30
15.0,egogyn 1000 u.i vitamina e capsulas caja de 30 unidades
12.6,densibone d soya.
20.4,magcyl sobres 2gr caja x30 
16.5,supradyn caps. f/30 sueltas
14.4,perfectil capsulas caja 30 unidades
21.6,calcibon d tabs 800 c/60 suelta
13.8,calcibon d soya forte  tabletas c/30 
17.98,feroglobin liquid plus jarabe 200 ml
19.08,cebion tab.mast. mandarina 500mg c/12 sueltas
19.2,cebion tabletas masticables naranja 500mg
12.9,calcibon d tabs 800 c/30 suelta
26.4,vitafem comprimidos recubiertos
13.1,raquiferol amp. bebibles 2000ui f/10ml c/5 sueltas
56.4,total magnesiano stress 7 mg 
55.8,total magnesiano comprimidos recubiertos 528 mg
16.5,etec 1000 capsulas blandas 1000
13.5,ferro-b - complex folic antianémico
16.8,orange c - vitamina c 500 mg
19.8,biometrix a-ox antioxidante capsulas
12.54,pharmaton kiddi kiddy jbe f/200 ml ddi 
13.5,fortic-hem 30 tabletas. 
16.5,perlavit-e capsulas 1000 ui
19.9,mixavit infantil jarabe f/ 300 ml
35.1,visovit comprimidos recubiertos
12.6,vitamina e-plus 500 u.i.
17.4,vitango comprimidos rec. 200mg c/30
16.59,feroglobin b-12 jarabe 200 ml.
18.49,kid cal susp. tutti frutti  f/180 ml
18.0,"gelcavit q-10 - vitaminas, minerales y coenzima q-10"
16.45,redoxon total tabletas efervescentes t/30
23.4,kobil ems capsulas
18.0,kobil e capsulas
18.49,kid cal susp. fresa  f/180ml
18.3,immuvit plus q10 capsulas
18.43,dr vit kids gomitas fibra 120 gr f/30
17.7,energit 30 cápsulas 
19.5,energit forte capsulas
12.6,supravital capsulas
15.61,dr vit adult gomitas multivitamin 120 gr f/60
18.43,dr vit adult gomitas fibra 120 gr f/30
18.58,dr vit kids gomitas probioticos 150 gr f/60
15.61,dr vit kids gomitas multivitamin 150 gr f/60
18.58,dr vit adult gomitas probioticos 150 gr f/60
16.8,gerimax 30 tabletas 
13.0,vita e (interpharm) caps. 400 u.i. f/50 sueltas
16.8,vitacap - g
18.9,gerimax ginseng tabletas
15.9,ultrac e caps. blandas c/30 sueltas
26.95,calcibon natal forte natal forte frasco x 30 tabs
17.52,mixavit tabs. m c/24 sueltas
13.9,mixavit infantil jarabe f/180 ml.
17.7,recorderis memory+energy tabs rec c/30
15.9,recorderis
16.5,diabion
19.8,biometrix - multivitamínico cápsulas
14.88,medigener - vitamina c naranja 500 mg  pack 5
15.12,"medigener - vitamina c, medigener sabor a chicle - 500 mg, 12 sobres de 12 tabletas cada una pack 5"
12.6,dayamineral tabletas 500 mg frasco 30 unidades
15.12,la sante - vitamina c mandarina 500 mg 12 sobres de  12 tabletas masticables cada una 
15.12,vitamina c (la sante) tabs. mast. chicle c/12 sob. sueltas
15.0,la sante - vitamina c-tabletas masticables tutti frutti 500 mg 
